background_size,max_evals,permutation_rounds,planned_mask_evaluations,estimated_synthetic_rows,background_baseline_2023_usd,background_baseline_absolute_relative_difference,background_baseline_validation_passed,first_call_latency_s,p50_subsequent_call_latency_s,p90_subsequent_call_latency_s,p95_subsequent_call_latency_s,share_rows_with_at_least_4_of_5_matches,top_5_overlap_passed,material_direction_comparison_count,material_direction_reversal_count,material_direction_passed,median_matched_top_5_abs_delta_2023_usd,dollar_difference_passed,explanation_stability_passed,median_additivity_abs_error_2023_usd,p95_additivity_abs_error_2023_usd
225,55,1,55,12375,331.9722151379536,0.08840514620652029,True,0.24362610000025597,0.15703520000170101,0.18029661000218766,0.18327579500237334,1.0,True,89,0,True,6.855032480200293,True,True,0.0,5.684341886080802e-14
250,55,1,55,13750,342.06783987087755,0.0606825865081454,True,0.2261142999996082,0.1693449000013061,0.19009365999954753,0.19475455499996316,1.0,True,92,0,True,5.330967264789656,True,True,0.0,5.684341886080802e-14
275,55,1,55,15125,331.2102456703579,0.0904975124159012,True,0.19568799999979092,0.18360309999843594,0.20677957000079916,0.2266351500007659,1.0,True,89,0,True,6.092221823679623,True,True,0.0,5.968558980384846e-14
300,55,1,55,16500,332.64012062346563,0.08657107945138476,True,0.20759230000112439,0.20197204999931273,0.22185437000116512,0.25373860000127024,1.0,True,90,0,True,5.522003732700632,True,True,0.0,5.684341886080802e-14
225,110,2,110,24750,331.9722151379536,0.08840514620652029,True,0.3321046999990358,0.3182588500003476,0.40553752999985593,0.40676555499940154,1.0,True,96,0,True,4.59791843502369,True,True,0.0,1.193711796076969e-13
275,110,2,110,30250,331.2102456703579,0.0904975124159012,True,0.3925989999988815,0.36441500000182714,0.4045127900000807,0.4116248399981487,1.0,True,96,0,True,4.7280733159001755,True,True,0.0,5.684341886080802e-14
300,110,2,110,33000,332.64012062346563,0.08657107945138476,True,0.4130660999981046,0.38909694999892963,0.4269893000018783,0.4305501999997432,1.0,True,96,0,True,4.372559762178852,True,True,0.0,6.536993168992934e-14
250,110,2,110,27500,342.06783987087755,0.0606825865081454,True,0.3413935999997193,0.34278189999895403,0.43634113000007346,0.4393340499998885,1.0,True,96,0,True,3.6816993154174114,True,True,0.0,6.536993168992934e-14
225,165,3,165,37125,331.9722151379536,0.08840514620652029,True,0.48786399999880814,0.482892649999485,0.5353034899988416,0.5474850149990743,1.0,True,95,0,True,3.543076843089107,True,True,0.0,5.684341886080802e-14
250,165,3,165,41250,342.06783987087755,0.0606825865081454,True,0.5638675000009243,0.5167105500004254,0.5774062300006335,0.581400035000479,1.0,True,97,0,True,3.25143954737149,True,True,0.0,5.968558980384846e-14
275,165,3,165,45375,331.2102456703579,0.0904975124159012,True,0.569430999999895,0.550408699999025,0.6017379100012477,0.6120945500009839,1.0,True,95,0,True,3.8110488774987914,True,True,0.0,5.968558980384846e-14
300,165,3,165,49500,332.64012062346563,0.08657107945138476,True,0.6087604999993346,0.6037794499989104,0.6660244000013336,0.6849850299970057,1.0,True,95,0,True,3.8737206275184803,True,True,0.0,5.684341886080802e-14
